,facilityName,facilityIdentifier
0,KIYUMBA HC IV,AjaGtzC8woM
1,Nabigasa H/C III,nEUuDrY5MWp
2,Lukaya Uganda Cares,mqCkkaqoMNA
3,Lukaya Uganda Cares,mqCkkaqoMNA
4,Lukaya Uganda Cares,mqCkkaqoMNA
5,Lukaya Uganda Cares,mqCkkaqoMNA
6,Lukaya Uganda Cares,mqCkkaqoMNA
7,Lukaya Uganda Cares,mqCkkaqoMNA
8,Lukaya Uganda Cares,mqCkkaqoMNA
9,Lukaya Uganda Cares,mqCkkaqoMNA
10,Lukaya Uganda Cares,mqCkkaqoMNA
11,Lukaya Uganda Cares,mqCkkaqoMNA
12,Lukaya Uganda Cares,mqCkkaqoMNA
13,Lukaya Uganda Cares,mqCkkaqoMNA
14,Lukaya Uganda Cares,mqCkkaqoMNA
15,Lukaya Uganda Cares,mqCkkaqoMNA
16,Lukaya Uganda Cares,mqCkkaqoMNA
17,Lukaya Uganda Cares,mqCkkaqoMNA
18,Lukaya Uganda Cares,mqCkkaqoMNA
19,Lukaya Uganda Cares,mqCkkaqoMNA
20,Lukaya Uganda Cares,mqCkkaqoMNA
21,Lukaya Uganda Cares,mqCkkaqoMNA
22,Lukaya Uganda Cares,mqCkkaqoMNA
23,Lukaya Uganda Cares,mqCkkaqoMNA
24,Lukaya Uganda Cares,mqCkkaqoMNA
25,Lukaya Uganda Cares,mqCkkaqoMNA
26,Lukaya Uganda Cares,mqCkkaqoMNA
27,Lukaya Uganda Cares,mqCkkaqoMNA
28,Lukaya Uganda Cares,mqCkkaqoMNA
29,Lukaya Uganda Cares,mqCkkaqoMNA
30,Lukaya Uganda Cares,mqCkkaqoMNA
31,Lukaya Uganda Cares,mqCkkaqoMNA
32,Lukaya Uganda Cares,mqCkkaqoMNA
33,Lukaya Uganda Cares,mqCkkaqoMNA
34,Lukaya Uganda Cares,mqCkkaqoMNA
35,Lukaya Uganda Cares,mqCkkaqoMNA
36,Lukaya Uganda Cares,mqCkkaqoMNA
37,Lukaya Uganda Cares,mqCkkaqoMNA
38,Lukaya Uganda Cares,mqCkkaqoMNA
39,Lukaya Uganda Cares,mqCkkaqoMNA
40,Lukaya Uganda Cares,mqCkkaqoMNA
41,Lukaya Uganda Cares,mqCkkaqoMNA
42,Lukaya Uganda Cares,mqCkkaqoMNA
43,Lukaya Uganda Cares,mqCkkaqoMNA
44,Lukaya Uganda Cares,mqCkkaqoMNA
45,Lukaya Uganda Cares,mqCkkaqoMNA
46,Lukaya Uganda Cares,mqCkkaqoMNA
47,Lukaya Uganda Cares,mqCkkaqoMNA
48,Lukaya Uganda Cares,mqCkkaqoMNA
49,Lukaya Uganda Cares,mqCkkaqoMNA
50,Lukaya Uganda Cares,mqCkkaqoMNA
51,Lukaya Uganda Cares,mqCkkaqoMNA
52,Lukaya Uganda Cares,mqCkkaqoMNA
53,Lukaya Uganda Cares,mqCkkaqoMNA
54,Lukaya Uganda Cares,mqCkkaqoMNA
55,Lukaya Uganda Cares,mqCkkaqoMNA
56,Lukaya Uganda Cares,mqCkkaqoMNA
57,Lukaya Uganda Cares,mqCkkaqoMNA
58,Lukaya Uganda Cares,mqCkkaqoMNA
59,Lukaya Uganda Cares,mqCkkaqoMNA
60,Lukaya Uganda Cares,mqCkkaqoMNA
61,Lukaya Uganda Cares,mqCkkaqoMNA
62,Lukaya Uganda Cares,mqCkkaqoMNA
63,Lukaya Uganda Cares,mqCkkaqoMNA
64,Lukaya Uganda Cares,mqCkkaqoMNA
65,Lukaya Uganda Cares,mqCkkaqoMNA
66,Lukaya Uganda Cares,mqCkkaqoMNA
67,Lukaya Uganda Cares,mqCkkaqoMNA
68,Lukaya Uganda Cares,mqCkkaqoMNA
69,Lukaya Uganda Cares,mqCkkaqoMNA
70,Lukaya Uganda Cares,mqCkkaqoMNA
71,Lukaya Uganda Cares,mqCkkaqoMNA
72,Lukaya Uganda Cares,mqCkkaqoMNA
73,Lukaya Uganda Cares,mqCkkaqoMNA
74,Lukaya Uganda Cares,mqCkkaqoMNA
75,Lukaya Uganda Cares,mqCkkaqoMNA
76,Lukaya Uganda Cares,mqCkkaqoMNA
77,Lukaya Uganda Cares,mqCkkaqoMNA
78,Lukaya Uganda Cares,mqCkkaqoMNA
79,Lukaya Uganda Cares,mqCkkaqoMNA
80,Lukaya Uganda Cares,mqCkkaqoMNA
81,Lukaya Uganda Cares,mqCkkaqoMNA
82,Lukaya Uganda Cares,mqCkkaqoMNA
83,Lukaya Uganda Cares,mqCkkaqoMNA
84,Lukaya Uganda Cares,mqCkkaqoMNA
85,Lukaya Uganda Cares,mqCkkaqoMNA
86,Lukaya Uganda Cares,mqCkkaqoMNA
87,Seguku HCII,k5Nbz2uHuqP
88,Lukaya Uganda Cares,mqCkkaqoMNA
89,Lukaya Uganda Cares,mqCkkaqoMNA
90,Lukaya Uganda Cares,mqCkkaqoMNA
91,Lukaya Uganda Cares,mqCkkaqoMNA
92,Lukaya Uganda Cares,mqCkkaqoMNA
93,Lukaya Uganda Cares,mqCkkaqoMNA
94,Lukaya Uganda Cares,mqCkkaqoMNA
95,Lukaya Uganda Cares,mqCkkaqoMNA
96,Lukaya Uganda Cares,mqCkkaqoMNA
97,TB WARD,GuJvMV22ihs
98,Health Center Name,GuJvMV22ihs
99,Health Center Name,GuJvMV22ihs
100,Health Center Name,GuJvMV22ihs
101,Health Center Name,GuJvMV22ihs
102,Health Center Name,GuJvMV22ihs
103,Health Center Name,GuJvMV22ihs
104,Health Center Name,GuJvMV22ihs
105,Health Center Name,GuJvMV22ihs
106,Health Center Name,GuJvMV22ihs
107,Health Center Name,GuJvMV22ihs
108,Health Center Name,GuJvMV22ihs
109,Health Center Name,GuJvMV22ihs
110,Health Center Name,GuJvMV22ihs
111,Health Center Name,GuJvMV22ihs
112,Health Center Name,GuJvMV22ihs
113,Health Center Name,GuJvMV22ihs
114,Health Center Name,GuJvMV22ihs
115,Health Center Name,GuJvMV22ihs
116,Health Center Name,GuJvMV22ihs
117,Health Center Name,GuJvMV22ihs
118,Health Center Name,GuJvMV22ihs
119,Health Center Name,GuJvMV22ihs
120,Health Center Name,GuJvMV22ihs
121,Health Center Name,GuJvMV22ihs
122,Health Center Name,GuJvMV22ihs
123,Health Center Name,GuJvMV22ihs
124,Health Center Name,GuJvMV22ihs
125,Health Center Name,GuJvMV22ihs
126,Health Center Name,GuJvMV22ihs
127,Health Center Name,GuJvMV22ihs
128,Health Center Name,GuJvMV22ihs
129,Health Center Name,GuJvMV22ihs
130,Health Center Name,GuJvMV22ihs
131,Health Center Name,GuJvMV22ihs
132,Health Center Name,GuJvMV22ihs
133,Health Center Name,GuJvMV22ihs
134,Health Center Name,GuJvMV22ihs
135,Health Center Name,GuJvMV22ihs
136,Health Center Name,GuJvMV22ihs
137,Health Center Name,GuJvMV22ihs
138,Health Center Name,GuJvMV22ihs
139,Health Center Name,GuJvMV22ihs
140,Health Center Name,GuJvMV22ihs
141,Health Center Name,GuJvMV22ihs
142,Health Center Name,GuJvMV22ihs
143,Health Center Name,GuJvMV22ihs
144,Health Center Name,GuJvMV22ihs
145,Health Center Name,GuJvMV22ihs
146,Health Center Name,GuJvMV22ihs
147,Health Center Name,GuJvMV22ihs
148,Health Center Name,GuJvMV22ihs
149,Health Center Name,GuJvMV22ihs
150,Health Center Name,GuJvMV22ihs
151,Health Center Name,GuJvMV22ihs
152,Health Center Name,GuJvMV22ihs
153,Health Center Name,GuJvMV22ihs
154,Health Center Name,GuJvMV22ihs
155,Health Center Name,GuJvMV22ihs
156,Health Center Name,GuJvMV22ihs
157,Health Center Name,GuJvMV22ihs
158,Health Center Name,GuJvMV22ihs
159,Health Center Name,GuJvMV22ihs
160,Health Center Name,GuJvMV22ihs
161,Health Center Name,GuJvMV22ihs
162,Health Center Name,GuJvMV22ihs
163,Health Center Name,GuJvMV22ihs
164,Health Center Name,GuJvMV22ihs
165,Health Center Name,GuJvMV22ihs
166,Health Center Name,GuJvMV22ihs
167,Health Center Name,GuJvMV22ihs
168,Health Center Name,GuJvMV22ihs
169,Health Center Name,GuJvMV22ihs
170,Health Center Name,GuJvMV22ihs
171,Health Center Name,GuJvMV22ihs
172,Lukaya Uganda Cares,mqCkkaqoMNA
173,Lukaya Uganda Cares,mqCkkaqoMNA
174,Lukaya Uganda Cares,mqCkkaqoMNA
175,Lukaya Uganda Cares,mqCkkaqoMNA
176,Lukaya Uganda Cares,mqCkkaqoMNA
177,Lukaya Uganda Cares,mqCkkaqoMNA
178,Lukaya Uganda Cares,mqCkkaqoMNA
179,Lukaya Uganda Cares,mqCkkaqoMNA
180,Lukaya Uganda Cares,mqCkkaqoMNA
181,Lukaya Uganda Cares,mqCkkaqoMNA
182,Lukaya Uganda Cares,mqCkkaqoMNA
183,Lukaya Uganda Cares,mqCkkaqoMNA
184,Lukaya Uganda Cares,mqCkkaqoMNA
185,Lukaya Uganda Cares,mqCkkaqoMNA
186,Lukaya Uganda Cares,mqCkkaqoMNA
187,Lukaya Uganda Cares,mqCkkaqoMNA
188,Lukaya Uganda Cares,mqCkkaqoMNA
189,Lukaya Uganda Cares,mqCkkaqoMNA
190,Lukaya Uganda Cares,mqCkkaqoMNA
191,Lukaya Uganda Cares,mqCkkaqoMNA
192,Lukaya Uganda Cares,mqCkkaqoMNA
193,Lukaya Uganda Cares,mqCkkaqoMNA
194,Lukaya Uganda Cares,mqCkkaqoMNA
195,Lukaya Uganda Cares,mqCkkaqoMNA
196,Lukaya Uganda Cares,mqCkkaqoMNA
197,Lukaya Uganda Cares,mqCkkaqoMNA
198,Lukaya Uganda Cares,mqCkkaqoMNA
199,Lukaya Uganda Cares,mqCkkaqoMNA
200,Lukaya Uganda Cares,mqCkkaqoMNA
201,Lukaya Uganda Cares,mqCkkaqoMNA
202,Lukaya Uganda Cares,mqCkkaqoMNA
203,Lukaya Uganda Cares,mqCkkaqoMNA
204,Lukaya Uganda Cares,mqCkkaqoMNA
205,Lukaya Uganda Cares,mqCkkaqoMNA
206,Lukaya Uganda Cares,mqCkkaqoMNA
207,Lukaya Uganda Cares,mqCkkaqoMNA
208,Lukaya Uganda Cares,mqCkkaqoMNA
209,Lukaya Uganda Cares,mqCkkaqoMNA
210,Lukaya Uganda Cares,mqCkkaqoMNA
211,Lukaya Uganda Cares,mqCkkaqoMNA
212,Lukaya Uganda Cares,mqCkkaqoMNA
213,Lukaya Uganda Cares,mqCkkaqoMNA
214,Lukaya Uganda Cares,mqCkkaqoMNA
215,Lukaya Uganda Cares,mqCkkaqoMNA
216,Lukaya Uganda Cares,mqCkkaqoMNA
217,Lukaya Uganda Cares,mqCkkaqoMNA
218,Lukaya Uganda Cares,mqCkkaqoMNA
219,Lukaya Uganda Cares,mqCkkaqoMNA
220,Lukaya Uganda Cares,mqCkkaqoMNA
221,Lukaya Uganda Cares,mqCkkaqoMNA
222,Lukaya Uganda Cares,mqCkkaqoMNA
223,Lukaya Uganda Cares,mqCkkaqoMNA
224,Lukaya Uganda Cares,mqCkkaqoMNA
225,Lukaya Uganda Cares,mqCkkaqoMNA
226,Lukaya Uganda Cares,mqCkkaqoMNA
227,Lukaya Uganda Cares,mqCkkaqoMNA
228,Lukaya Uganda Cares,mqCkkaqoMNA
229,Lukaya Uganda Cares,mqCkkaqoMNA
230,Lukaya Uganda Cares,mqCkkaqoMNA
231,Lukaya Uganda Cares,mqCkkaqoMNA
232,Lukaya Uganda Cares,mqCkkaqoMNA
233,Lukaya Uganda Cares,mqCkkaqoMNA
234,Kyamulibwa HC III,mgr6AHrRokx
235,Lukaya Uganda Cares,mqCkkaqoMNA
236,Lukaya Uganda Cares,mqCkkaqoMNA
237,Lukaya Uganda Cares,mqCkkaqoMNA
238,Lukaya Uganda Cares,mqCkkaqoMNA
239,Lukaya Uganda Cares,mqCkkaqoMNA
240,Lukaya Uganda Cares,mqCkkaqoMNA
241,Lukaya Uganda Cares,mqCkkaqoMNA
242,Lukaya Uganda Cares,mqCkkaqoMNA
243,Lukaya Uganda Cares,mqCkkaqoMNA
244,Lukaya Uganda Cares,mqCkkaqoMNA
245,Lukaya Uganda Cares,mqCkkaqoMNA
246,Lukaya Uganda Cares,mqCkkaqoMNA
247,Lukaya Uganda Cares,mqCkkaqoMNA
248,Lukaya Uganda Cares,mqCkkaqoMNA
249,Lukaya Uganda Cares,mqCkkaqoMNA
250,Lukaya Uganda Cares,mqCkkaqoMNA
251,Lukaya Uganda Cares,mqCkkaqoMNA
252,Lukaya Uganda Cares,mqCkkaqoMNA
253,Lukaya Uganda Cares,mqCkkaqoMNA
254,Lwamaggwa Gvt HCIII,oBg69iZLKtq
255,Lukaya Uganda Cares,mqCkkaqoMNA
256,Lukaya Uganda Cares,mqCkkaqoMNA
257,Lukaya Uganda Cares,mqCkkaqoMNA
258,Lukaya Uganda Cares,mqCkkaqoMNA
259,Lukaya Uganda Cares,mqCkkaqoMNA
260,Lukaya Uganda Cares,mqCkkaqoMNA
261,Lukaya Uganda Cares,mqCkkaqoMNA
262,Lukaya Uganda Cares,mqCkkaqoMNA
263,Lukaya Uganda Cares,mqCkkaqoMNA
264,Lukaya Uganda Cares,mqCkkaqoMNA
265,Lukaya Uganda Cares,mqCkkaqoMNA
266,Lukaya Uganda Cares,mqCkkaqoMNA
267,Lukaya Uganda Cares,mqCkkaqoMNA
268,Lukaya Uganda Cares,mqCkkaqoMNA
269,Lukaya Uganda Cares,mqCkkaqoMNA
270,Lukaya Uganda Cares,mqCkkaqoMNA
271,Lukaya Uganda Cares,mqCkkaqoMNA
272,Lukaya Uganda Cares,mqCkkaqoMNA
273,Lukaya Uganda Cares,mqCkkaqoMNA
274,Lukaya Uganda Cares,mqCkkaqoMNA
275,Lukaya Uganda Cares,mqCkkaqoMNA
276,Lukaya Uganda Cares,mqCkkaqoMNA
277,Lukaya Uganda Cares,mqCkkaqoMNA
278,Lukaya Uganda Cares,mqCkkaqoMNA
279,Lukaya Uganda Cares,mqCkkaqoMNA
280,Lukaya Uganda Cares,mqCkkaqoMNA
281,Lukaya Uganda Cares,mqCkkaqoMNA
282,Lukaya Uganda Cares,mqCkkaqoMNA
283,Lukaya Uganda Cares,mqCkkaqoMNA
284,Lukaya Uganda Cares,mqCkkaqoMNA
285,Lukaya Uganda Cares,mqCkkaqoMNA
286,Lukaya Uganda Cares,mqCkkaqoMNA
287,Lukaya Uganda Cares,mqCkkaqoMNA
288,Lukaya Uganda Cares,mqCkkaqoMNA
289,Lukaya Uganda Cares,mqCkkaqoMNA
290,Lukaya Uganda Cares,mqCkkaqoMNA
291,Lukaya Uganda Cares,mqCkkaqoMNA
292,Lukaya Uganda Cares,mqCkkaqoMNA
293,Lukaya Uganda Cares,mqCkkaqoMNA
294,Lukaya Uganda Cares,mqCkkaqoMNA
295,Lukaya Uganda Cares,mqCkkaqoMNA
296,Lukaya Uganda Cares,mqCkkaqoMNA
297,Lukaya Uganda Cares,mqCkkaqoMNA
298,Lukaya Uganda Cares,mqCkkaqoMNA
299,Lukaya Uganda Cares,mqCkkaqoMNA
300,Lukaya Uganda Cares,mqCkkaqoMNA
301,Lukaya Uganda Cares,mqCkkaqoMNA
302,Lukaya Uganda Cares,mqCkkaqoMNA
303,Lukaya Uganda Cares,mqCkkaqoMNA
304,Lukaya Uganda Cares,mqCkkaqoMNA
305,Lukaya Uganda Cares,mqCkkaqoMNA
306,Lukaya Uganda Cares,mqCkkaqoMNA
307,Lukaya Uganda Cares,mqCkkaqoMNA
308,Lukaya Uganda Cares,mqCkkaqoMNA
309,Lukaya Uganda Cares,mqCkkaqoMNA
310,Lukaya Uganda Cares,mqCkkaqoMNA
311,Lukaya Uganda Cares,mqCkkaqoMNA
312,Lukaya Uganda Cares,mqCkkaqoMNA
313,Lukaya Uganda Cares,mqCkkaqoMNA
314,Lukaya Uganda Cares,mqCkkaqoMNA
315,Lukaya Uganda Cares,mqCkkaqoMNA
316,Lukaya Uganda Cares,mqCkkaqoMNA
317,Lukaya Uganda Cares,mqCkkaqoMNA
318,Lukaya Uganda Cares,mqCkkaqoMNA
319,,
320,MARPI,U6DZjzffCuQ
321,MARPI,U6DZjzffCuQ
322,Lukaya Uganda Cares,mqCkkaqoMNA
323,Lukaya Uganda Cares,mqCkkaqoMNA
324,Lukaya Uganda Cares,mqCkkaqoMNA
325,Lukaya Uganda Cares,mqCkkaqoMNA
326,Lukaya Uganda Cares,mqCkkaqoMNA
327,Lukaya Uganda Cares,mqCkkaqoMNA
328,Lukaya Uganda Cares,mqCkkaqoMNA
329,Lukaya Uganda Cares,mqCkkaqoMNA
330,Lukaya Uganda Cares,mqCkkaqoMNA
331,Lukaya Uganda Cares,mqCkkaqoMNA
332,Lukaya Uganda Cares,mqCkkaqoMNA
333,Lukaya Uganda Cares,mqCkkaqoMNA
334,Lukaya Uganda Cares,mqCkkaqoMNA
335,Lukaya Uganda Cares,mqCkkaqoMNA
336,Lukaya Uganda Cares,mqCkkaqoMNA
337,Lukaya Uganda Cares,mqCkkaqoMNA
338,Lukaya Uganda Cares,mqCkkaqoMNA
339,Lukaya Uganda Cares,mqCkkaqoMNA
340,Lukaya Uganda Cares,mqCkkaqoMNA
341,Lukaya Uganda Cares,mqCkkaqoMNA
342,Lukaya Uganda Cares,mqCkkaqoMNA
343,Lukaya Uganda Cares,mqCkkaqoMNA
344,Lukaya Uganda Cares,mqCkkaqoMNA
345,Lukaya Uganda Cares,mqCkkaqoMNA
346,Lukaya Uganda Cares,mqCkkaqoMNA
347,Lukaya Uganda Cares,mqCkkaqoMNA
348,Lukaya Uganda Cares,mqCkkaqoMNA
349,Lukaya Uganda Cares,mqCkkaqoMNA
350,Lukaya Uganda Cares,mqCkkaqoMNA
351,Lukaya Uganda Cares,mqCkkaqoMNA
352,Lukaya Uganda Cares,mqCkkaqoMNA
353,Lukaya Uganda Cares,mqCkkaqoMNA
354,Lukaya Uganda Cares,mqCkkaqoMNA
355,Lukaya Uganda Cares,mqCkkaqoMNA
356,Lukaya Uganda Cares,mqCkkaqoMNA
357,Lukaya Uganda Cares,mqCkkaqoMNA
358,Lukaya Uganda Cares,mqCkkaqoMNA
359,Lukaya Uganda Cares,mqCkkaqoMNA
360,Lukaya Uganda Cares,mqCkkaqoMNA
361,Lukaya Uganda Cares,mqCkkaqoMNA
362,Lukaya Uganda Cares,mqCkkaqoMNA
363,Lukaya Uganda Cares,mqCkkaqoMNA
364,Lukaya Uganda Cares,mqCkkaqoMNA
365,Lukaya Uganda Cares,mqCkkaqoMNA
366,Lukaya Uganda Cares,mqCkkaqoMNA
367,Lukaya Uganda Cares,mqCkkaqoMNA
368,Lukaya Uganda Cares,mqCkkaqoMNA
369,Lukaya Uganda Cares,mqCkkaqoMNA
370,Lukaya Uganda Cares,mqCkkaqoMNA
371,Lukaya Uganda Cares,mqCkkaqoMNA
372,Lukaya Uganda Cares,mqCkkaqoMNA
373,Lukaya Uganda Cares,mqCkkaqoMNA
374,Lukaya Uganda Cares,mqCkkaqoMNA
375,Lukaya Uganda Cares,mqCkkaqoMNA
376,Lukaya Uganda Cares,mqCkkaqoMNA
377,Lukaya Uganda Cares,mqCkkaqoMNA
378,Lukaya Uganda Cares,mqCkkaqoMNA
379,Health Center,sLOvwpCrdh2
380,Health Center,sLOvwpCrdh2
381,Health Center,sLOvwpCrdh2
382,NTETE HEALTH CENTRE II,sbsaajvJPqH
383,NTETE HEALTH CENTRE II,sbsaajvJPqH
384,NTETE HEALTH CENTRE II,sbsaajvJPqH
385,Kabubu HCIV,CWamWxvYUWQ
386,KIYUMBA HC IV,AjaGtzC8woM
387,KIYUMBA HC IV,AjaGtzC8woM
388,KIYUMBA HC IV,AjaGtzC8woM
389,KIYUMBA HC IV,AjaGtzC8woM
390,KIYUMBA HC IV,AjaGtzC8woM
391,KIYUMBA HC IV,AjaGtzC8woM
392,KIYUMBA HC IV,AjaGtzC8woM
393,KIYUMBA HC IV,AjaGtzC8woM
394,KIYUMBA HC IV,AjaGtzC8woM
395,KIYUMBA HC IV,AjaGtzC8woM
396,KIYUMBA HC IV,AjaGtzC8woM
397,KIYUMBA HC IV,AjaGtzC8woM
398,KIYUMBA HC IV,AjaGtzC8woM
399,KIYUMBA HC IV,AjaGtzC8woM
400,KIYUMBA HC IV,AjaGtzC8woM
401,KIYUMBA HC IV,AjaGtzC8woM
402,KIYUMBA HC IV,AjaGtzC8woM
403,KIYUMBA HC IV,AjaGtzC8woM
404,KIYUMBA HC IV,AjaGtzC8woM
405,KIYUMBA HC IV,AjaGtzC8woM
406,KIYUMBA HC IV,AjaGtzC8woM
407,KIYUMBA HC IV,AjaGtzC8woM
408,KIYUMBA HC IV,AjaGtzC8woM
409,KIYUMBA HC IV,AjaGtzC8woM
410,KIYUMBA HC IV,AjaGtzC8woM
411,KIYUMBA HC IV,AjaGtzC8woM
412,KIYUMBA HC IV,AjaGtzC8woM
413,KIYUMBA HC IV,AjaGtzC8woM
414,KIYUMBA HC IV,AjaGtzC8woM
415,KIYUMBA HC IV,AjaGtzC8woM
416,KIYUMBA HC IV,AjaGtzC8woM
417,KIYUMBA HC IV,AjaGtzC8woM
418,KIYUMBA HC IV,AjaGtzC8woM
419,KIYUMBA HC IV,AjaGtzC8woM
420,KIYUMBA HC IV,AjaGtzC8woM
421,KIYUMBA HC IV,AjaGtzC8woM
422,KIYUMBA HC IV,AjaGtzC8woM
423,KIYUMBA HC IV,AjaGtzC8woM
424,KIYUMBA HC IV,AjaGtzC8woM
425,KIYUMBA HC IV,AjaGtzC8woM
426,KIYUMBA HC IV,AjaGtzC8woM
427,KIYUMBA HC IV,AjaGtzC8woM
428,KIYUMBA HC IV,AjaGtzC8woM
429,KIYUMBA HC IV,AjaGtzC8woM
430,KIYUMBA HC IV,AjaGtzC8woM
431,KIYUMBA HC IV,AjaGtzC8woM
432,KIYUMBA HC IV,AjaGtzC8woM
433,KIYUMBA HC IV,AjaGtzC8woM
434,KIYUMBA HC IV,AjaGtzC8woM
435,KIYUMBA HC IV,AjaGtzC8woM
436,KIYUMBA HC IV,AjaGtzC8woM
437,KIYUMBA HC IV,AjaGtzC8woM
438,KIYUMBA HC IV,AjaGtzC8woM
439,KIYUMBA HC IV,AjaGtzC8woM
440,KIYUMBA HC IV,AjaGtzC8woM
441,KIYUMBA HC IV,AjaGtzC8woM
442,KIYUMBA HC IV,AjaGtzC8woM
443,KIYUMBA HC IV,AjaGtzC8woM
444,KIYUMBA HC IV,AjaGtzC8woM
445,KIYUMBA HC IV,AjaGtzC8woM
446,KIYUMBA HC IV,AjaGtzC8woM
447,KIYUMBA HC IV,AjaGtzC8woM
448,KIYUMBA HC IV,AjaGtzC8woM
449,KIYUMBA HC IV,AjaGtzC8woM
450,KIYUMBA HC IV,AjaGtzC8woM
451,KIYUMBA HC IV,AjaGtzC8woM
452,KIYUMBA HC IV,AjaGtzC8woM
453,KIYUMBA HC IV,AjaGtzC8woM
454,KIYUMBA HC IV,AjaGtzC8woM
455,KIYUMBA HC IV,AjaGtzC8woM
456,KIYUMBA HC IV,AjaGtzC8woM
457,KIYUMBA HC IV,AjaGtzC8woM
458,KIYUMBA HC IV,AjaGtzC8woM
459,KIYUMBA HC IV,AjaGtzC8woM
460,KIYUMBA HC IV,AjaGtzC8woM
461,KIYUMBA HC IV,AjaGtzC8woM
462,KIYUMBA HC IV,AjaGtzC8woM
463,KIYUMBA HC IV,AjaGtzC8woM
464,KIYUMBA HC IV,AjaGtzC8woM
465,KIYUMBA HC IV,AjaGtzC8woM
466,KIYUMBA HC IV,AjaGtzC8woM
467,KIYUMBA HC IV,AjaGtzC8woM
468,KIYUMBA HC IV,AjaGtzC8woM
469,KIYUMBA HC IV,AjaGtzC8woM
470,KIYUMBA HC IV,AjaGtzC8woM
471,KIYUMBA HC IV,AjaGtzC8woM
472,KIYUMBA HC IV,AjaGtzC8woM
473,KIYUMBA HC IV,AjaGtzC8woM
474,KIYUMBA HC IV,AjaGtzC8woM
475,KIYUMBA HC IV,AjaGtzC8woM
476,KIYUMBA HC IV,AjaGtzC8woM
477,KIYUMBA HC IV,AjaGtzC8woM
478,KIYUMBA HC IV,AjaGtzC8woM
479,KIYUMBA HC IV,AjaGtzC8woM
480,KIYUMBA HC IV,AjaGtzC8woM
481,KIYUMBA HC IV,AjaGtzC8woM
482,KIYUMBA HC IV,AjaGtzC8woM
483,KIYUMBA HC IV,AjaGtzC8woM
484,KIYUMBA HC IV,AjaGtzC8woM
485,KIYUMBA HC IV,AjaGtzC8woM
486,KIYUMBA HC IV,AjaGtzC8woM
487,KIYUMBA HC IV,AjaGtzC8woM
488,KIYUMBA HC IV,AjaGtzC8woM
489,KIYUMBA HC IV,AjaGtzC8woM
490,KIYUMBA HC IV,AjaGtzC8woM
491,KIYUMBA HC IV,AjaGtzC8woM
492,KIYUMBA HC IV,AjaGtzC8woM
493,KIYUMBA HC IV,AjaGtzC8woM
494,KIYUMBA HC IV,AjaGtzC8woM
495,KIYUMBA HC IV,AjaGtzC8woM
496,KIYUMBA HC IV,AjaGtzC8woM
497,KIYUMBA HC IV,AjaGtzC8woM
498,KIYUMBA HC IV,AjaGtzC8woM
499,KIYUMBA HC IV,AjaGtzC8woM
500,KIYUMBA HC IV,AjaGtzC8woM
501,KIYUMBA HC IV,AjaGtzC8woM
502,KIYUMBA HC IV,AjaGtzC8woM
503,KIYUMBA HC IV,AjaGtzC8woM
504,KIYUMBA HC IV,AjaGtzC8woM
505,KIYUMBA HC IV,AjaGtzC8woM
506,KIYUMBA HC IV,AjaGtzC8woM
507,KIYUMBA HC IV,AjaGtzC8woM
508,KIYUMBA HC IV,AjaGtzC8woM
509,KIYUMBA HC IV,AjaGtzC8woM
510,KIYUMBA HC IV,AjaGtzC8woM
511,KIYUMBA HC IV,AjaGtzC8woM
512,KIYUMBA HC IV,AjaGtzC8woM
513,KIYUMBA HC IV,AjaGtzC8woM
514,KIYUMBA HC IV,AjaGtzC8woM
515,KIYUMBA HC IV,AjaGtzC8woM
516,KIYUMBA HC IV,AjaGtzC8woM
517,KIYUMBA HC IV,AjaGtzC8woM
518,KIYUMBA HC IV,AjaGtzC8woM
519,KIYUMBA HC IV,AjaGtzC8woM
520,KIYUMBA HC IV,AjaGtzC8woM
521,KIYUMBA HC IV,AjaGtzC8woM
522,KIYUMBA HC IV,AjaGtzC8woM
523,KIYUMBA HC IV,AjaGtzC8woM
524,KIYUMBA HC IV,AjaGtzC8woM
525,KIYUMBA HC IV,AjaGtzC8woM
526,KIYUMBA HC IV,AjaGtzC8woM
527,KIYUMBA HC IV,AjaGtzC8woM
528,KIYUMBA HC IV,AjaGtzC8woM
529,KIYUMBA HC IV,AjaGtzC8woM
530,KIYUMBA HC IV,AjaGtzC8woM
531,KIYUMBA HC IV,AjaGtzC8woM
532,KIYUMBA HC IV,AjaGtzC8woM
533,KIYUMBA HC IV,AjaGtzC8woM
534,KIYUMBA HC IV,AjaGtzC8woM
535,KIYUMBA HC IV,AjaGtzC8woM
536,KIYUMBA HC IV,AjaGtzC8woM
537,KIYUMBA HC IV,AjaGtzC8woM
538,KIYUMBA HC IV,AjaGtzC8woM
539,KIYUMBA HC IV,AjaGtzC8woM
540,KIYUMBA HC IV,AjaGtzC8woM
541,KIYUMBA HC IV,AjaGtzC8woM
542,KIYUMBA HC IV,AjaGtzC8woM
543,KIYUMBA HC IV,AjaGtzC8woM
544,KIYUMBA HC IV,AjaGtzC8woM
545,KIYUMBA HC IV,AjaGtzC8woM
546,KIYUMBA HC IV,AjaGtzC8woM
547,KIYUMBA HC IV,AjaGtzC8woM
548,KIYUMBA HC IV,AjaGtzC8woM
549,KIYUMBA HC IV,AjaGtzC8woM
550,KIYUMBA HC IV,AjaGtzC8woM
551,KIYUMBA HC IV,AjaGtzC8woM
552,KIYUMBA HC IV,AjaGtzC8woM
553,KIYUMBA HC IV,AjaGtzC8woM
554,KIYUMBA HC IV,AjaGtzC8woM
555,KIYUMBA HC IV,AjaGtzC8woM
556,KIYUMBA HC IV,AjaGtzC8woM
557,KIYUMBA HC IV,AjaGtzC8woM
558,KIYUMBA HC IV,AjaGtzC8woM
559,KIYUMBA HC IV,AjaGtzC8woM
560,KIYUMBA HC IV,AjaGtzC8woM
561,KIYUMBA HC IV,AjaGtzC8woM
562,KIYUMBA HC IV,AjaGtzC8woM
563,KIYUMBA HC IV,AjaGtzC8woM
564,KIYUMBA HC IV,AjaGtzC8woM
565,KIYUMBA HC IV,AjaGtzC8woM
566,KIYUMBA HC IV,AjaGtzC8woM
567,KIYUMBA HC IV,AjaGtzC8woM
568,KIYUMBA HC IV,AjaGtzC8woM
569,KIYUMBA HC IV,AjaGtzC8woM
570,KIYUMBA HC IV,AjaGtzC8woM
571,KIYUMBA HC IV,AjaGtzC8woM
572,KIYUMBA HC IV,AjaGtzC8woM
573,KIYUMBA HC IV,AjaGtzC8woM
574,KIYUMBA HC IV,AjaGtzC8woM
575,KIYUMBA HC IV,AjaGtzC8woM
576,KIYUMBA HC IV,AjaGtzC8woM
577,KIYUMBA HC IV,AjaGtzC8woM
578,KIYUMBA HC IV,AjaGtzC8woM
579,KIYUMBA HC IV,AjaGtzC8woM
580,KIYUMBA HC IV,AjaGtzC8woM
581,KIYUMBA HC IV,AjaGtzC8woM
582,KIYUMBA HC IV,AjaGtzC8woM
583,KIYUMBA HC IV,AjaGtzC8woM
584,KIYUMBA HC IV,AjaGtzC8woM
585,KIYUMBA HC IV,AjaGtzC8woM
586,KIYUMBA HC IV,AjaGtzC8woM
587,KIYUMBA HC IV,AjaGtzC8woM
588,KIYUMBA HC IV,AjaGtzC8woM
589,KIYUMBA HC IV,AjaGtzC8woM
590,KIYUMBA HC IV,AjaGtzC8woM
591,KIYUMBA HC IV,AjaGtzC8woM
592,KIYUMBA HC IV,AjaGtzC8woM
593,KIYUMBA HC IV,AjaGtzC8woM
594,KIYUMBA HC IV,AjaGtzC8woM
595,KIYUMBA HC IV,AjaGtzC8woM
596,KIYUMBA HC IV,AjaGtzC8woM
597,KIYUMBA HC IV,AjaGtzC8woM
598,KIYUMBA HC IV,AjaGtzC8woM
599,KIYUMBA HC IV,AjaGtzC8woM
600,KIYUMBA HC IV,AjaGtzC8woM
601,KIYUMBA HC IV,AjaGtzC8woM
602,KIYUMBA HC IV,AjaGtzC8woM
603,KIYUMBA HC IV,AjaGtzC8woM
604,KIYUMBA HC IV,AjaGtzC8woM
605,KIYUMBA HC IV,AjaGtzC8woM
606,KIYUMBA HC IV,AjaGtzC8woM
607,KIYUMBA HC IV,AjaGtzC8woM
608,KIYUMBA HC IV,AjaGtzC8woM
609,KIYUMBA HC IV,AjaGtzC8woM
610,KIYUMBA HC IV,AjaGtzC8woM
611,KIYUMBA HC IV,AjaGtzC8woM
612,KIYUMBA HC IV,AjaGtzC8woM
613,KIYUMBA HC IV,AjaGtzC8woM
614,KIYUMBA HC IV,AjaGtzC8woM
615,KIYUMBA HC IV,AjaGtzC8woM
616,KIYUMBA HC IV,AjaGtzC8woM
617,KIYUMBA HC IV,AjaGtzC8woM
618,KIYUMBA HC IV,AjaGtzC8woM
619,KIYUMBA HC IV,AjaGtzC8woM
620,KIYUMBA HC IV,AjaGtzC8woM
621,KIYUMBA HC IV,AjaGtzC8woM
622,KIYUMBA HC IV,AjaGtzC8woM
623,KIYUMBA HC IV,AjaGtzC8woM
624,KIYUMBA HC IV,AjaGtzC8woM
625,KIYUMBA HC IV,AjaGtzC8woM
626,KIYUMBA HC IV,AjaGtzC8woM
627,KIYUMBA HC IV,AjaGtzC8woM
628,KIYUMBA HC IV,AjaGtzC8woM
629,KIYUMBA HC IV,AjaGtzC8woM
630,KIYUMBA HC IV,AjaGtzC8woM
631,KIYUMBA HC IV,AjaGtzC8woM
632,KIYUMBA HC IV,AjaGtzC8woM
633,KIYUMBA HC IV,AjaGtzC8woM
634,KIYUMBA HC IV,AjaGtzC8woM
635,KIYUMBA HC IV,AjaGtzC8woM
636,KIYUMBA HC IV,AjaGtzC8woM
637,KIYUMBA HC IV,AjaGtzC8woM
638,KIYUMBA HC IV,AjaGtzC8woM
639,KIYUMBA HC IV,AjaGtzC8woM
640,KIYUMBA HC IV,AjaGtzC8woM
641,KIYUMBA HC IV,AjaGtzC8woM
642,KIYUMBA HC IV,AjaGtzC8woM
643,KIYUMBA HC IV,AjaGtzC8woM
644,KIYUMBA HC IV,AjaGtzC8woM
645,KIYUMBA HC IV,AjaGtzC8woM
646,KIYUMBA HC IV,AjaGtzC8woM
647,KIYUMBA HC IV,AjaGtzC8woM
648,KIYUMBA HC IV,AjaGtzC8woM
649,KIYUMBA HC IV,AjaGtzC8woM
650,KIYUMBA HC IV,AjaGtzC8woM
651,KIYUMBA HC IV,AjaGtzC8woM
652,KIYUMBA HC IV,AjaGtzC8woM
653,KIYUMBA HC IV,AjaGtzC8woM
654,KIYUMBA HC IV,AjaGtzC8woM
655,KIYUMBA HC IV,AjaGtzC8woM
656,KIYUMBA HC IV,AjaGtzC8woM
657,KIYUMBA HC IV,AjaGtzC8woM
658,KIYUMBA HC IV,AjaGtzC8woM
659,KIYUMBA HC IV,AjaGtzC8woM
660,KIYUMBA HC IV,AjaGtzC8woM
661,KIYUMBA HC IV,AjaGtzC8woM
662,KIYUMBA HC IV,AjaGtzC8woM
663,KIYUMBA HC IV,AjaGtzC8woM
664,KIYUMBA HC IV,AjaGtzC8woM
665,KIYUMBA HC IV,AjaGtzC8woM
666,KIYUMBA HC IV,AjaGtzC8woM
667,KIYUMBA HC IV,AjaGtzC8woM
668,KIYUMBA HC IV,AjaGtzC8woM
669,KIYUMBA HC IV,AjaGtzC8woM
670,KIYUMBA HC IV,AjaGtzC8woM
671,KIYUMBA HC IV,AjaGtzC8woM
672,KIYUMBA HC IV,AjaGtzC8woM
673,KIYUMBA HC IV,AjaGtzC8woM
674,KIYUMBA HC IV,AjaGtzC8woM
675,KIYUMBA HC IV,AjaGtzC8woM
676,KIYUMBA HC IV,AjaGtzC8woM
677,KIYUMBA HC IV,AjaGtzC8woM
678,KIYUMBA HC IV,AjaGtzC8woM
679,KIYUMBA HC IV,AjaGtzC8woM
680,KIYUMBA HC IV,AjaGtzC8woM
681,KIYUMBA HC IV,AjaGtzC8woM
682,KIYUMBA HC IV,AjaGtzC8woM
683,KIYUMBA HC IV,AjaGtzC8woM
684,KIYUMBA HC IV,AjaGtzC8woM
685,KIYUMBA HC IV,AjaGtzC8woM
686,KIYUMBA HC IV,AjaGtzC8woM
687,KIYUMBA HC IV,AjaGtzC8woM
688,KIYUMBA HC IV,AjaGtzC8woM
689,KIYUMBA HC IV,AjaGtzC8woM
690,KIYUMBA HC IV,AjaGtzC8woM
691,KIYUMBA HC IV,AjaGtzC8woM
692,KIYUMBA HC IV,AjaGtzC8woM
693,KIYUMBA HC IV,AjaGtzC8woM
694,KIYUMBA HC IV,AjaGtzC8woM
695,KIYUMBA HC IV,AjaGtzC8woM
696,KIYUMBA HC IV,AjaGtzC8woM
697,KIYUMBA HC IV,AjaGtzC8woM
698,KIYUMBA HC IV,AjaGtzC8woM
699,KIYUMBA HC IV,AjaGtzC8woM
700,KIYUMBA HC IV,AjaGtzC8woM
701,KIYUMBA HC IV,AjaGtzC8woM
702,KIYUMBA HC IV,AjaGtzC8woM
703,KIYUMBA HC IV,AjaGtzC8woM
704,KIYUMBA HC IV,AjaGtzC8woM
705,KIYUMBA HC IV,AjaGtzC8woM
706,KIYUMBA HC IV,AjaGtzC8woM
707,KIYUMBA HC IV,AjaGtzC8woM
708,KIYUMBA HC IV,AjaGtzC8woM
709,KIYUMBA HC IV,AjaGtzC8woM
710,KIYUMBA HC IV,AjaGtzC8woM
711,KIYUMBA HC IV,AjaGtzC8woM
712,KIYUMBA HC IV,AjaGtzC8woM
713,KIYUMBA HC IV,AjaGtzC8woM
714,KIYUMBA HC IV,AjaGtzC8woM
715,KIYUMBA HC IV,AjaGtzC8woM
716,KIYUMBA HC IV,AjaGtzC8woM
717,KIYUMBA HC IV,AjaGtzC8woM
718,KIYUMBA HC IV,AjaGtzC8woM
719,KIYUMBA HC IV,AjaGtzC8woM
720,KIYUMBA HC IV,AjaGtzC8woM
721,KIYUMBA HC IV,AjaGtzC8woM
722,KIYUMBA HC IV,AjaGtzC8woM
723,KIYUMBA HC IV,AjaGtzC8woM
724,KIYUMBA HC IV,AjaGtzC8woM
725,KIYUMBA HC IV,AjaGtzC8woM
726,KIYUMBA HC IV,AjaGtzC8woM
727,KIYUMBA HC IV,AjaGtzC8woM
728,KIYUMBA HC IV,AjaGtzC8woM
729,KIYUMBA HC IV,AjaGtzC8woM
730,KIYUMBA HC IV,AjaGtzC8woM
731,KIYUMBA HC IV,AjaGtzC8woM
732,KIYUMBA HC IV,AjaGtzC8woM
733,KIYUMBA HC IV,AjaGtzC8woM
734,KIYUMBA HC IV,AjaGtzC8woM
735,KIYUMBA HC IV,AjaGtzC8woM
736,KIYUMBA HC IV,AjaGtzC8woM
737,KIYUMBA HC IV,AjaGtzC8woM
738,KIYUMBA HC IV,AjaGtzC8woM
739,KIYUMBA HC IV,AjaGtzC8woM
740,KIYUMBA HC IV,AjaGtzC8woM
741,KIYUMBA HC IV,AjaGtzC8woM
742,KIYUMBA HC IV,AjaGtzC8woM
743,KIYUMBA HC IV,AjaGtzC8woM
744,KIYUMBA HC IV,AjaGtzC8woM
745,KIYUMBA HC IV,AjaGtzC8woM
746,KIYUMBA HC IV,AjaGtzC8woM
747,KIYUMBA HC IV,AjaGtzC8woM
748,KIYUMBA HC IV,AjaGtzC8woM
749,KIYUMBA HC IV,AjaGtzC8woM
750,KIYUMBA HC IV,AjaGtzC8woM
751,KIYUMBA HC IV,AjaGtzC8woM
752,KIYUMBA HC IV,AjaGtzC8woM
753,KIYUMBA HC IV,AjaGtzC8woM
754,KIYUMBA HC IV,AjaGtzC8woM
755,KIYUMBA HC IV,AjaGtzC8woM
756,KIYUMBA HC IV,AjaGtzC8woM
757,KIYUMBA HC IV,AjaGtzC8woM
758,KIYUMBA HC IV,AjaGtzC8woM
759,KIYUMBA HC IV,AjaGtzC8woM
760,KIYUMBA HC IV,AjaGtzC8woM
761,KIYUMBA HC IV,AjaGtzC8woM
762,KIYUMBA HC IV,AjaGtzC8woM
763,KIYUMBA HC IV,AjaGtzC8woM
764,KIYUMBA HC IV,AjaGtzC8woM
765,KIYUMBA HC IV,AjaGtzC8woM
766,KIYUMBA HC IV,AjaGtzC8woM
767,KIYUMBA HC IV,AjaGtzC8woM
768,KIYUMBA HC IV,AjaGtzC8woM
769,KIYUMBA HC IV,AjaGtzC8woM
770,KIYUMBA HC IV,AjaGtzC8woM
771,KIYUMBA HC IV,AjaGtzC8woM
772,KIYUMBA HC IV,AjaGtzC8woM
773,KIYUMBA HC IV,AjaGtzC8woM
774,KIYUMBA HC IV,AjaGtzC8woM
775,KIYUMBA HC IV,AjaGtzC8woM
776,KIYUMBA HC IV,AjaGtzC8woM
777,KIYUMBA HC IV,AjaGtzC8woM
778,KIYUMBA HC IV,AjaGtzC8woM
779,KIYUMBA HC IV,AjaGtzC8woM
780,KIYUMBA HC IV,AjaGtzC8woM
781,KIYUMBA HC IV,AjaGtzC8woM
782,KIYUMBA HC IV,AjaGtzC8woM
783,KIYUMBA HC IV,AjaGtzC8woM
784,KIYUMBA HC IV,AjaGtzC8woM
785,KIYUMBA HC IV,AjaGtzC8woM
786,KIYUMBA HC IV,AjaGtzC8woM
787,KIYUMBA HC IV,AjaGtzC8woM
788,KIYUMBA HC IV,AjaGtzC8woM
789,KIYUMBA HC IV,AjaGtzC8woM
790,KIYUMBA HC IV,AjaGtzC8woM
791,KIYUMBA HC IV,AjaGtzC8woM
792,KIYUMBA HC IV,AjaGtzC8woM
793,KIYUMBA HC IV,AjaGtzC8woM
794,KIYUMBA HC IV,AjaGtzC8woM
795,KIYUMBA HC IV,AjaGtzC8woM
796,KIYUMBA HC IV,AjaGtzC8woM
797,KIYUMBA HC IV,AjaGtzC8woM
798,KIYUMBA HC IV,AjaGtzC8woM
799,KIYUMBA HC IV,AjaGtzC8woM
800,KIYUMBA HC IV,AjaGtzC8woM
801,KIYUMBA HC IV,AjaGtzC8woM
802,KIYUMBA HC IV,AjaGtzC8woM
803,KIYUMBA HC IV,AjaGtzC8woM
804,KIYUMBA HC IV,AjaGtzC8woM
805,KIYUMBA HC IV,AjaGtzC8woM
806,KIYUMBA HC IV,AjaGtzC8woM
807,KIYUMBA HC IV,AjaGtzC8woM
808,KIYUMBA HC IV,AjaGtzC8woM
809,KIYUMBA HC IV,AjaGtzC8woM
810,KIYUMBA HC IV,AjaGtzC8woM
811,KIYUMBA HC IV,AjaGtzC8woM
812,KIYUMBA HC IV,AjaGtzC8woM
813,KIYUMBA HC IV,AjaGtzC8woM
814,KIYUMBA HC IV,AjaGtzC8woM
815,KIYUMBA HC IV,AjaGtzC8woM
816,KIYUMBA HC IV,AjaGtzC8woM
817,KIYUMBA HC IV,AjaGtzC8woM
818,KIYUMBA HC IV,AjaGtzC8woM
819,KIYUMBA HC IV,AjaGtzC8woM
820,KIYUMBA HC IV,AjaGtzC8woM
821,KIYUMBA HC IV,AjaGtzC8woM
822,KIYUMBA HC IV,AjaGtzC8woM
823,KIYUMBA HC IV,AjaGtzC8woM
824,KIYUMBA HC IV,AjaGtzC8woM
825,KIYUMBA HC IV,AjaGtzC8woM
826,KIYUMBA HC IV,AjaGtzC8woM
827,KIYUMBA HC IV,AjaGtzC8woM
828,KIYUMBA HC IV,AjaGtzC8woM
829,KIYUMBA HC IV,AjaGtzC8woM
830,KIYUMBA HC IV,AjaGtzC8woM
831,KIYUMBA HC IV,AjaGtzC8woM
832,KIYUMBA HC IV,AjaGtzC8woM
833,KIYUMBA HC IV,AjaGtzC8woM
834,KIYUMBA HC IV,AjaGtzC8woM
835,KIYUMBA HC IV,AjaGtzC8woM
836,KIYUMBA HC IV,AjaGtzC8woM
837,KIYUMBA HC IV,AjaGtzC8woM
838,KIYUMBA HC IV,AjaGtzC8woM
839,KIYUMBA HC IV,AjaGtzC8woM
840,KIYUMBA HC IV,AjaGtzC8woM
841,KIYUMBA HC IV,AjaGtzC8woM
842,KIYUMBA HC IV,AjaGtzC8woM
843,KIYUMBA HC IV,AjaGtzC8woM
844,KIYUMBA HC IV,AjaGtzC8woM
845,KIYUMBA HC IV,AjaGtzC8woM
846,KIYUMBA HC IV,AjaGtzC8woM
847,KIYUMBA HC IV,AjaGtzC8woM
848,KIYUMBA HC IV,AjaGtzC8woM
849,KIYUMBA HC IV,AjaGtzC8woM
850,Health Center Name,KssVUerFkyV
851,KIYUMBA HC IV,AjaGtzC8woM
852,KIYUMBA HC IV,AjaGtzC8woM
853,KIYUMBA HC IV,AjaGtzC8woM
854,KIYUMBA HC IV,AjaGtzC8woM
855,KIYUMBA HC IV,AjaGtzC8woM
856,KIYUMBA HC IV,AjaGtzC8woM
857,KIYUMBA HC IV,AjaGtzC8woM
858,KIYUMBA HC IV,AjaGtzC8woM
859,KIYUMBA HC IV,AjaGtzC8woM
860,KIYUMBA HC IV,AjaGtzC8woM
861,KIYUMBA HC IV,AjaGtzC8woM
862,KISENYI HC IV,hjZvWkoLzzp
863,Kisozi HC III,KNuyUySHocg
864,MARPI,U6DZjzffCuQ
865,Health Center Name,a0plh70j00D
866,Wattuba HCIII,Tr9SwdDaZNB
867,BUWAMA HEALTH CENTRE III,Vi3ibjRtMzU
868,Family Hope Center Kampala,x0giNVjxX76
869,BUKULULA HCIV,DFuALUpGId9
870,BUKULULA HCIV,DFuALUpGId9
871,Health Center Name,a0plh70j00D
872,Health Center Name,a0plh70j00D
873,Health Center Name,a0plh70j00D
874,Health Center Name,a0plh70j00D
875,Health Center Name,a0plh70j00D
876,Health Center Name,a0plh70j00D
877,Health Center Name,a0plh70j00D
878,Health Center Name,a0plh70j00D
879,Health Center Name,a0plh70j00D
880,Health Center Name,a0plh70j00D
881,Health Center Name,a0plh70j00D
882,Health Center Name,a0plh70j00D
883,Health Center Name,a0plh70j00D
884,Health Center Name,a0plh70j00D
885,Health Center Name,a0plh70j00D
886,Health Center Name,a0plh70j00D
887,Health Center Name,a0plh70j00D
888,Health Center Name,a0plh70j00D
889,Health Center Name,a0plh70j00D
890,Health Center Name,a0plh70j00D
891,Health Center Name,a0plh70j00D
892,Health Center Name,a0plh70j00D
893,Health Center Name,a0plh70j00D
894,Health Center Name,a0plh70j00D
895,Health Center Name,a0plh70j00D
896,Health Center Name,a0plh70j00D
897,Health Center Name,a0plh70j00D
898,Health Center Name,a0plh70j00D
899,Health Center Name,a0plh70j00D
900,Health Center Name,a0plh70j00D
901,Health Center Name,a0plh70j00D
902,Health Center Name,a0plh70j00D
903,Health Center Name,a0plh70j00D
904,Health Center Name,a0plh70j00D
905,Health Center Name,a0plh70j00D
906,Health Center Name,a0plh70j00D
907,Health Center Name,a0plh70j00D
908,Health Center Name,a0plh70j00D
909,Health Center Name,a0plh70j00D
910,Health Center Name,a0plh70j00D
911,Health Center Name,a0plh70j00D
912,Health Center Name,a0plh70j00D
913,Health Center Name,a0plh70j00D
914,Health Center Name,a0plh70j00D
915,Health Center Name,a0plh70j00D
916,Health Center Name,a0plh70j00D
917,Health Center Name,a0plh70j00D
918,Health Center Name,a0plh70j00D
919,Health Center Name,a0plh70j00D
920,Health Center Name,a0plh70j00D
921,Health Center Name,a0plh70j00D
922,Health Center Name,a0plh70j00D
923,Health Center Name,a0plh70j00D
924,Health Center Name,a0plh70j00D
925,Health Center Name,a0plh70j00D
926,Health Center Name,a0plh70j00D
927,Health Center Name,a0plh70j00D
928,Health Center Name,a0plh70j00D
929,Health Center Name,a0plh70j00D
930,Health Center Name,a0plh70j00D
931,Health Center Name,a0plh70j00D
932,Health Center Name,a0plh70j00D
933,Health Center Name,a0plh70j00D
934,Health Center Name,a0plh70j00D
935,Health Center Name,a0plh70j00D
936,Health Center Name,a0plh70j00D
937,Health Center Name,a0plh70j00D
938,Health Center Name,a0plh70j00D
939,Health Center Name,a0plh70j00D
940,Health Center Name,a0plh70j00D
941,Health Center Name,a0plh70j00D
942,Health Center Name,a0plh70j00D
943,Health Center Name,a0plh70j00D
944,Health Center Name,a0plh70j00D
945,Health Center Name,a0plh70j00D
946,Health Center Name,a0plh70j00D
947,Health Center Name,a0plh70j00D
948,Health Center Name,a0plh70j00D
949,Health Center Name,a0plh70j00D
950,Health Center Name,a0plh70j00D
951,Health Center Name,a0plh70j00D
952,Health Center Name,a0plh70j00D
953,Health Center Name,a0plh70j00D
954,Health Center Name,a0plh70j00D
955,Health Center Name,a0plh70j00D
956,Health Center Name,a0plh70j00D
957,Health Center Name,a0plh70j00D
958,Health Center Name,a0plh70j00D
959,Health Center Name,a0plh70j00D
960,Health Center Name,a0plh70j00D
961,Health Center Name,a0plh70j00D
962,Health Center Name,a0plh70j00D
963,Health Center Name,a0plh70j00D
964,Health Center Name,a0plh70j00D
965,Health Center Name,a0plh70j00D
966,Health Center Name,a0plh70j00D
967,Health Center Name,a0plh70j00D
968,Health Center Name,a0plh70j00D
969,Health Center Name,a0plh70j00D
970,Health Center Name,a0plh70j00D
971,Health Center Name,a0plh70j00D
972,Health Center Name,a0plh70j00D
973,Health Center Name,a0plh70j00D
974,Health Center Name,a0plh70j00D
975,Health Center Name,a0plh70j00D
976,Health Center Name,a0plh70j00D
977,Health Center Name,a0plh70j00D
978,Health Center Name,a0plh70j00D
979,Health Center Name,a0plh70j00D
980,Health Center Name,a0plh70j00D
981,Health Center Name,a0plh70j00D
982,Health Center Name,a0plh70j00D
983,Health Center Name,a0plh70j00D
984,Health Center Name,a0plh70j00D
985,Health Center Name,a0plh70j00D
986,Health Center Name,a0plh70j00D
987,Health Center Name,a0plh70j00D
988,Health Center Name,a0plh70j00D
989,Health Center Name,a0plh70j00D
990,Health Center Name,a0plh70j00D
991,Health Center Name,a0plh70j00D
992,Health Center Name,a0plh70j00D
993,Health Center Name,a0plh70j00D
994,Health Center Name,a0plh70j00D
995,Health Center Name,a0plh70j00D
996,Health Center Name,a0plh70j00D
997,Health Center Name,a0plh70j00D
998,Health Center Name,a0plh70j00D
999,Health Center Name,a0plh70j00D
